County,Year,pdsi,1_priv_0_pub,med_income,"irrig, crop surface (thousand acres)","irrig, crop tot (thousands acre)",avg_rainfall
Alameda,2008,-4.36,0,70217,NA,NA,1.1816666666666666
Alameda,2009,-1.5,0,68258,NA,NA,1.4433333333333334
Alameda,2010,1.61,0,66937,2.61,9.39,1.9308333333333334
Alameda,2011,2.69,0,67295,NA,NA,1.2108333333333334
Alameda,2012,-1.22,0,70209,NA,NA,1.7316666666666667
Alameda,2013,-3.53,0,72128,NA,NA,0.42333333333333334
Alameda,2014,-5.07,0,76996,NA,NA,1.6566666666666667
Alameda,2015,-3.25,0,81462,0,10.61,0.8658333333333333
Alameda,2016,1.83,0,89472,NA,NA,1.8791666666666667
Alpine,2008,-3.57,1,49320,NA,NA,2.5475
Alpine,2009,-0.47,1,45391,NA,NA,2.8241666666666667
Alpine,2010,2.83,1,44241,0.05,1.62,4.1241666666666665
Alpine,2011,2.64,1,46706,NA,NA,2.7983333333333333
Alpine,2012,-2.65,1,46336,NA,NA,2.970833333333333
Alpine,2013,-3.13,1,49392,NA,NA,1.1291666666666667
Alpine,2014,-3,1,53003,NA,NA,2.4483333333333333
Alpine,2015,-1.08,1,50882,3.74,3.74,2.53
Alpine,2016,1.91,1,57481,NA,NA,3.3024999999999998
Amador,2008,-4.15,1,53951,NA,NA,2.0858333333333334
Amador,2009,-2,1,54461,NA,NA,2.55
Amador,2010,3.06,1,49516,1.5,7.61,4.339166666666666
Amador,2011,3.49,1,51553,NA,NA,2.7608333333333333
Amador,2012,-0.57,1,51388,NA,NA,3.3833333333333333
Amador,2013,-2.86,1,52357,NA,NA,1.0208333333333333
Amador,2014,-3.25,1,54610,NA,NA,2.6075
Amador,2015,-2.31,1,55879,1.74,8.82,2.2216666666666667
Amador,2016,2.81,1,59789,NA,NA,3.4175
Butte,2008,-4.66,1,40308,NA,NA,2.4816666666666665
Butte,2009,-2.28,1,41196,NA,NA,2.9741666666666666
Butte,2010,1.96,1,41168,56.77,221.22,4.825
Butte,2011,3.09,1,39208,NA,NA,3.2275
Butte,2012,-1.05,1,40748,NA,NA,4.455
Butte,2013,-2.93,1,42395,NA,NA,1.0158333333333334
Butte,2014,-3.62,1,42302,NA,NA,3.643333333333333
Butte,2015,-4.82,1,45369,18.67,223.95,1.7283333333333333
Butte,2016,1.2,1,45097,NA,NA,4.663333333333333
Calaveras,2008,-4.25,1,52850,NA,NA,2.11
Calaveras,2009,-1.94,1,51564,NA,NA,2.4683333333333333
Calaveras,2010,3.62,1,50745,1.96,4.3,4.2283333333333335
Calaveras,2011,3.87,1,50599,NA,NA,2.6758333333333333
Calaveras,2012,-1.38,1,50962,NA,NA,3.1491666666666664
Calaveras,2013,-3.02,1,52598,NA,NA,0.9283333333333333
Calaveras,2014,-3.64,1,53321,NA,NA,2.4633333333333334
Calaveras,2015,-2.72,1,52471,0.12,3.24,2.105
Calaveras,2016,2.38,1,57990,NA,NA,3.3741666666666665
Colusa,2008,-3.67,1,44622,NA,NA,1.7108333333333332
Colusa,2009,-3.24,1,47472,NA,NA,1.5433333333333332
Colusa,2010,1.63,1,44981,194.55,300.73,2.9675000000000002
Colusa,2011,2.06,1,47469,NA,NA,1.8625
Colusa,2012,0.57,1,49871,NA,NA,2.4958333333333336
Colusa,2013,-2.24,1,48897,NA,NA,0.685
Colusa,2014,-4.36,1,48006,NA,NA,2.3891666666666667
Colusa,2015,-3.59,1,51118,113.42,309.66,0.9933333333333334
Colusa,2016,-1.02,1,54861,NA,NA,2.1241666666666665
Del Norte,2008,-4.76,0,36729,NA,NA,5.615
Del Norte,2009,-4.01,0,38252,NA,NA,4.614166666666667
Del Norte,2010,3.4,0,35438,0,7.61,8.293333333333333
Del Norte,2011,-0.17,0,35598,NA,NA,5.6125
Del Norte,2012,1.55,0,37305,NA,NA,8.551666666666666
Del Norte,2013,1.49,0,38663,NA,NA,2.9166666666666665
Del Norte,2014,0.81,0,41419,NA,NA,5.596666666666667
Del Norte,2015,-4.03,0,38963,0,9.29,5.779166666666667
Del Norte,2016,4.42,0,39458,NA,NA,8.1325
El Dorado,2008,-4.29,1,67019,NA,NA,2.7483333333333335
El Dorado,2009,-1.84,1,68778,NA,NA,3.2091666666666665
El Dorado,2010,3.05,1,65201,0,5.85,5.2
El Dorado,2011,3.42,1,61970,NA,NA,3.4725
El Dorado,2012,-0.69,1,68446,NA,NA,4.406666666666666
El Dorado,2013,-2.29,1,63002,NA,NA,1.3383333333333334
El Dorado,2014,-2.8,1,70235,NA,NA,3.325833333333333
El Dorado,2015,-2.69,1,75575,0.4,6.41,2.7075
El Dorado,2016,3.24,1,75100,NA,NA,4.428333333333334
Fresno,2008,-3.11,1,43534,NA,NA,1.3383333333333334
Fresno,2009,-1.1,1,45219,NA,NA,1.3925
Fresno,2010,2.08,1,44869,685.94,1092.25,2.4633333333333334
Fresno,2011,3.71,1,42572,NA,NA,1.4683333333333333
Fresno,2012,-2.97,1,41563,NA,NA,1.3616666666666666
Fresno,2013,-4.5,1,43741,NA,NA,0.44083333333333335
Fresno,2014,-5.47,1,43338,NA,NA,1.0366666666666666
Fresno,2015,-3.92,1,46608,528.34,1115.32,1.0191666666666666
Fresno,2016,-0.76,1,48323,NA,NA,1.6333333333333333
Glenn,2008,-3.79,1,39641,NA,NA,1.8308333333333333
Glenn,2009,-2.77,1,41904,NA,NA,1.7858333333333334
Glenn,2010,2.2,1,40859,112.91,225.15,3.0791666666666666
Glenn,2011,2.7,1,40221,NA,NA,1.8791666666666667
Glenn,2012,-1.22,1,41201,NA,NA,2.410833333333333
Glenn,2013,-3.42,1,42129,NA,NA,0.6325000000000001
Glenn,2014,-3.84,1,43755,NA,NA,2.64
Glenn,2015,-3.86,1,43584,69.68,234.24,1.03
Glenn,2016,0.35,1,46141,NA,NA,2.4675
Humboldt,2008,-3.94,0,39627,NA,NA,4.265
Humboldt,2009,-2.54,0,35985,NA,NA,3.638333333333333
Humboldt,2010,3.93,0,38254,2.28,26.54,6.781666666666666
Humboldt,2011,2.45,0,39526,NA,NA,4.264166666666666
Humboldt,2012,1.6,0,39837,NA,NA,6.208333333333334
Humboldt,2013,-0.25,0,40882,NA,NA,1.775
Humboldt,2014,0.89,0,40581,NA,NA,4.549166666666666
Humboldt,2015,-4.26,0,40739,3.81,45.25,4.2124999999999995
Humboldt,2016,2.95,0,43164,NA,NA,6.655
Imperial,2008,-1.1,1,36894,NA,NA,0.28
Imperial,2009,-2.95,1,37846,NA,NA,0.10416666666666666
Imperial,2010,1.21,1,39261,541.14,557.88,0.5308333333333334
Imperial,2011,-0.98,1,36898,NA,NA,0.21083333333333334
Imperial,2012,-1.37,1,38185,NA,NA,0.20666666666666667
Imperial,2013,0.54,1,40106,NA,NA,0.3
Imperial,2014,-2.85,1,38737,NA,NA,0.17166666666666666
Imperial,2015,-2.24,1,39925,466.44,508.18,0.18416666666666667
Imperial,2016,-3.02,1,43327,NA,NA,0.255
Inyo,2008,-2.87,1,47197,NA,NA,0.44833333333333336
Inyo,2009,-3.2,1,44090,NA,NA,0.3566666666666667
Inyo,2010,0.01,1,44507,22.16,22.16,0.8150000000000001
Inyo,2011,-0.31,1,44928,NA,NA,0.32666666666666666
Inyo,2012,-2.94,1,45748,NA,NA,0.3383333333333333
Inyo,2013,-2.67,1,45784,NA,NA,0.29333333333333333
Inyo,2014,-4.57,1,49267,NA,NA,0.39
Inyo,2015,-2.79,1,51697,17.49,17.49,0.43083333333333335
Inyo,2016,-3.23,1,53350,NA,NA,0.4091666666666667
Kern,2008,-2.13,1,44716,NA,NA,0.5983333333333333
Kern,2009,-3.02,1,46938,NA,NA,0.49333333333333335
Kern,2010,1.7,1,45045,339.36,734.53,1.1541666666666666
Kern,2011,4.13,1,44903,NA,NA,0.5591666666666667
Kern,2012,-3.53,1,45599,NA,NA,0.4841666666666667
Kern,2013,-4.35,1,46688,NA,NA,0.3
Kern,2014,-5.46,1,47451,NA,NA,0.5141666666666667
Kern,2015,-2.71,1,51150,293.27,813.42,0.4633333333333333
Kern,2016,-2.11,1,49812,NA,NA,0.7675000000000001
Kings,2008,-2.96,1,48614,NA,NA,0.43083333333333335
Kings,2009,-3.03,1,44102,NA,NA,0.4633333333333333
Kings,2010,2.03,1,44020,505.91,558.7,1.115
Kings,2011,4.99,1,48319,NA,NA,0.5816666666666667
Kings,2012,-2.82,1,45464,NA,NA,0.4666666666666667
Kings,2013,-4.61,1,45794,NA,NA,0.1975
Kings,2014,-5.46,1,44490,NA,NA,0.5125
Kings,2015,-3.84,1,46440,316.04,457.17,0.38166666666666665
Kings,2016,-2.14,1,51320,NA,NA,0.6341666666666667
Lake,2008,-4.19,1,38926,NA,NA,2.921666666666667
Lake,2009,-2.14,1,36895,NA,NA,2.6983333333333333
Lake,2010,3.65,1,35914,1.54,16.76,5.363333333333333
Lake,2011,3.65,1,35882,NA,NA,3.1075
Lake,2012,0.27,1,35437,NA,NA,4.4925
Lake,2013,-3.33,1,36973,NA,NA,1.0291666666666666
Lake,2014,-3.45,1,36333,NA,NA,4.041666666666667
Lake,2015,-4.27,1,37993,1.44,28.48,2.1133333333333333
Lake,2016,2.56,1,40818,NA,NA,4.611666666666666
Lassen,2008,-4.1,0,47333,NA,NA,1.1258333333333332
Lassen,2009,-1.64,0,46377,NA,NA,1.355
Lassen,2010,0.49,0,50093,75.26,94.55,1.9233333333333333
Lassen,2011,1.31,0,47938,NA,NA,1.3900000000000001
Lassen,2012,-2.69,0,47480,NA,NA,1.8033333333333335
Lassen,2013,-2.68,0,50487,NA,NA,0.7125
Lassen,2014,-3.95,0,49995,NA,NA,1.6916666666666667
Lassen,2015,-1.45,0,54670,47.79,100.81,1.4358333333333333
Lassen,2016,1.3,0,49793,NA,NA,1.9691666666666667
Los Angeles,2008,-2.71,1,55452,NA,NA,1.26
Los Angeles,2009,-3.27,1,54375,NA,NA,0.8425
Los Angeles,2010,0.65,1,52595,4.61,24.89,2.154166666666667
Los Angeles,2011,1.27,1,52239,NA,NA,1.0025
Los Angeles,2012,-2.92,1,52929,NA,NA,0.7758333333333334
Los Angeles,2013,-4.09,1,54443,NA,NA,0.4125
Los Angeles,2014,-5.36,1,55686,NA,NA,0.86
Los Angeles,2015,-2.14,1,59045,0.04,19.01,0.5925
Los Angeles,2016,-3.74,1,61308,NA,NA,1.0491666666666668
Madera,2008,-3.54,0,46066,NA,NA,1.5474999999999999
Madera,2009,-0.97,0,42769,NA,NA,1.635
Madera,2010,2.77,0,43596,45.84,297.05,2.735
Madera,2011,4.15,0,44795,NA,NA,1.6708333333333334
Madera,2012,-2.69,0,42054,NA,NA,1.7291666666666667
Madera,2013,-4.02,0,41223,NA,NA,0.5533333333333333
Madera,2014,-5.45,0,43171,NA,NA,1.1633333333333333
Madera,2015,-4.06,0,46593,102.17,303.35,1.2016666666666667
Madera,2016,0.78,0,49467,NA,NA,2.006666666666667
Marin,2008,-4.05,0,89909,NA,NA,2.2533333333333334
Marin,2009,0.11,0,86658,NA,NA,2.39
Marin,2010,2.48,0,82383,0,5.64,3.979166666666667
Marin,2011,3.22,0,78470,NA,NA,2.3741666666666665
Marin,2012,0.95,0,88654,NA,NA,3.688333333333333
Marin,2013,-3.23,0,94347,NA,NA,0.7
Marin,2014,-2.99,0,94549,NA,NA,3.353333333333333
Marin,2015,-4.02,0,99868,0,9.3,1.3275
Marin,2016,1.09,0,103488,NA,NA,3.4008333333333334
Merced,2008,-3.58,1,42629,NA,NA,0.7225
Merced,2009,-2.68,1,39922,NA,NA,0.8225
Merced,2010,2.48,1,41730,450.26,613.04,1.3958333333333333
Merced,2011,3.55,1,40016,NA,NA,0.8366666666666667
Merced,2012,-3.47,1,42552,NA,NA,0.8466666666666667
Merced,2013,-4.34,1,41003,NA,NA,0.2916666666666667
Merced,2014,-6.07,1,43818,NA,NA,0.8433333333333334
Merced,2015,-4.02,1,42879,321.12,553.25,0.5816666666666667
Merced,2016,1.9,1,47442,NA,NA,1.205
Modoc,2008,-2.56,0,35319,NA,NA,1.1975
Modoc,2009,-1.83,0,34290,NA,NA,1.1691666666666667
Modoc,2010,1.01,0,34579,57.86,139.1,1.6333333333333333
Modoc,2011,0.74,0,34654,NA,NA,1.2175
Modoc,2012,-2.58,0,36724,NA,NA,1.4675
Modoc,2013,-2.03,0,37055,NA,NA,0.9008333333333334
Modoc,2014,-2.99,0,39172,NA,NA,1.5175
Modoc,2015,-2.58,0,38402,54.23,171.65,1.4041666666666666
Modoc,2016,-0.17,0,42890,NA,NA,1.5975
Mono,2008,-3.63,0,55798,NA,NA,1.1833333333333333
Mono,2009,-1.09,0,53973,NA,NA,1.1741666666666666
Mono,2010,1.79,0,52768,1.35,71.31,1.8783333333333332
Mono,2011,1.21,0,48758,NA,NA,1.16
Mono,2012,-3.72,0,53067,NA,NA,1.1816666666666666
Mono,2013,-3.98,0,55107,NA,NA,0.5066666666666667
Mono,2014,-4.34,0,59181,NA,NA,0.89
Mono,2015,-2.09,0,53992,8.25,37.73,1.1733333333333333
Mono,2016,1.15,0,56574,NA,NA,1.2683333333333333
Monterey,2008,-3.57,1,58822,NA,NA,1.4808333333333332
Monterey,2009,-0.18,1,57647,NA,NA,1.535
Monterey,2010,1.84,1,53735,76.51,425.05,2.4166666666666665
Monterey,2011,2.81,1,52746,NA,NA,1.6916666666666667
Monterey,2012,-2.44,1,56038,NA,NA,1.6616666666666666
Monterey,2013,-4.85,1,55411,NA,NA,0.34833333333333333
Monterey,2014,-5.54,1,57428,NA,NA,1.6608333333333334
Monterey,2015,-3.66,1,60047,27.07,262.33,0.9366666666666666
Monterey,2016,-0.94,1,62999,NA,NA,1.7383333333333333
Napa,2008,-3.99,1,64829,NA,NA,2.0941666666666667
Napa,2009,-0.1,1,66970,NA,NA,2.1333333333333333
Napa,2010,2.37,1,62893,0,44.12,3.549166666666667
Napa,2011,3.15,1,61179,NA,NA,2.2941666666666665
Napa,2012,1.16,1,65698,NA,NA,3.285833333333333
Napa,2013,-3.52,1,68619,NA,NA,0.56
Napa,2014,-3.52,1,71063,NA,NA,2.7733333333333334
Napa,2015,-4.48,1,72683,0.27,49.95,1.1566666666666667
Napa,2016,0.16,1,73112,NA,NA,3.000833333333333
Nevada,2008,-4.62,1,56030,NA,NA,2.84
Nevada,2009,-1.58,1,57250,NA,NA,3.4925
Nevada,2010,3.14,1,54154,7,10.34,5.628333333333333
Nevada,2011,3.34,1,53833,NA,NA,3.6225
Nevada,2012,-0.45,1,54230,NA,NA,5.2375
Nevada,2013,-2.29,1,55246,NA,NA,1.2966666666666666
Nevada,2014,-2.71,1,57118,NA,NA,4.035
Nevada,2015,-3.7,1,57627,4.35,11.54,2.6733333333333333
Nevada,2016,3.42,1,60501,NA,NA,5.4816666666666665
Orange,2008,-3.76,0,74862,NA,NA,0.9541666666666666
Orange,2009,-4.26,0,71735,NA,NA,0.67
Orange,2010,1.64,0,70727,0,2.4,2.0475
Orange,2011,2.38,0,72046,NA,NA,0.7891666666666667
Orange,2012,-3.32,0,71866,NA,NA,0.7183333333333333
Orange,2013,-4.45,0,73827,NA,NA,0.35083333333333333
Orange,2014,-6.16,0,76061,NA,NA,0.6358333333333334
Orange,2015,-3.31,0,78002,0,7.04,0.4925
Orange,2016,-4.22,0,81642,NA,NA,0.9099999999999999
Placer,2008,-4.27,1,75029,NA,NA,2.808333333333333
Placer,2009,-1.68,1,70751,NA,NA,3.2533333333333334
Placer,2010,3.09,1,68330,24.14,42.7,5.1450000000000005
Placer,2011,3.25,1,69581,NA,NA,3.345
Placer,2012,-0.15,1,69521,NA,NA,4.5808333333333335
Placer,2013,-2.1,1,73643,NA,NA,1.2166666666666668
Placer,2014,-2.61,1,75689,NA,NA,3.5025
Placer,2015,-3.19,1,76203,13.93,42.31,2.5833333333333335
Placer,2016,3.14,1,85326,NA,NA,4.773333333333333
Plumas,2008,-4.55,1,48770,NA,NA,2.5058333333333334
Plumas,2009,-1.84,1,42684,NA,NA,2.876666666666667
Plumas,2010,1.27,1,41421,23.8,45.31,4.4366666666666665
Plumas,2011,2.17,1,44923,NA,NA,2.998333333333333
Plumas,2012,-1.97,1,46450,NA,NA,4.3566666666666665
Plumas,2013,-3.09,1,47645,NA,NA,1.005
Plumas,2014,-4.06,1,47964,NA,NA,3.254166666666667
Plumas,2015,-4.01,1,46813,22.42,41.88,2.185833333333333
Plumas,2016,1.76,1,53646,NA,NA,4.395833333333333
Riverside,2008,-2.09,1,57590,NA,NA,0.7116666666666667
Riverside,2009,-3.47,1,55151,NA,NA,0.37166666666666665
Riverside,2010,-0.05,1,53981,178.44,215.77,1.1475
Riverside,2011,0.33,1,52491,NA,NA,0.5283333333333333
Riverside,2012,-1.79,1,52416,NA,NA,0.5175
Riverside,2013,-1.15,1,53909,NA,NA,0.4058333333333333
Riverside,2014,-3.35,1,56877,NA,NA,0.43583333333333335
Riverside,2015,-2.18,1,57895,113.51,205.43,0.4525
Riverside,2016,-3.05,1,59951,NA,NA,0.67
Sacramento,2008,-3.93,1,56882,NA,NA,1.2283333333333333
Sacramento,2009,-1.93,1,52502,NA,NA,1.45
Sacramento,2010,1.84,1,52655,92.46,148.25,2.0516666666666667
Sacramento,2011,2.85,1,52236,NA,NA,1.4491666666666667
Sacramento,2012,-1.06,1,52617,NA,NA,1.8816666666666666
Sacramento,2013,-3.08,1,52980,NA,NA,0.5341666666666667
Sacramento,2014,-4.45,1,55803,NA,NA,1.5741666666666667
Sacramento,2015,-3.72,1,58735,104.45,159.55,0.7966666666666666
Sacramento,2016,2.1,1,59728,NA,NA,1.8891666666666667
San Benito,2008,-3.14,1,64646,NA,NA,1.1808333333333334
San Benito,2009,-0.96,1,61281,NA,NA,1.2308333333333332
San Benito,2010,2.37,1,58194,11.37,52.86,2.091666666666667
San Benito,2011,2.57,1,62618,NA,NA,1.4508333333333332
San Benito,2012,-3.2,1,60577,NA,NA,1.3916666666666666
San Benito,2013,-5.07,1,66780,NA,NA,0.2941666666666667
San Benito,2014,-6.64,1,68166,NA,NA,1.3091666666666666
San Benito,2015,-4.42,1,76521,0.61,48.46,0.8433333333333334
San Benito,2016,-0.52,1,73298,NA,NA,1.4708333333333332
San Bernardino,2008,-1.97,1,54768,NA,NA,0.545
San Bernardino,2009,-3.4,1,52137,NA,NA,0.265
San Bernardino,2010,-0.07,1,52270,5.1,31.59,1.0058333333333334
San Bernardino,2011,0.67,1,51017,NA,NA,0.3975
San Bernardino,2012,-2.08,1,50603,NA,NA,0.42166666666666663
San Bernardino,2013,-1.8,1,52112,NA,NA,0.3641666666666667
San Bernardino,2014,-3.52,1,51951,NA,NA,0.40166666666666667
San Bernardino,2015,-2.19,1,53526,0.49,17.77,0.46166666666666667
San Bernardino,2016,-3.12,1,56194,NA,NA,0.55
San Diego,2008,-3.23,1,62820,NA,NA,1.2508333333333335
San Diego,2009,-3.82,1,60103,NA,NA,0.6875
San Diego,2010,1.94,1,59759,1.68,64.58,1.9816666666666667
San Diego,2011,1.72,1,59290,NA,NA,1.065
San Diego,2012,-2.24,1,60235,NA,NA,0.8166666666666667
San Diego,2013,-2.39,1,61365,NA,NA,0.655
San Diego,2014,-4.7,1,66034,NA,NA,0.6725
San Diego,2015,-1.49,1,67053,2.43,65.74,0.7566666666666667
San Diego,2016,-2.5,1,70693,NA,NA,1.0975
San Francisco,2008,-3.18,0,73127,NA,NA,1.6341666666666668
San Francisco,2009,1.23,0,70247,NA,NA,1.8775
San Francisco,2010,1.62,0,70883,0,0,2.8033333333333332
San Francisco,2011,2.38,0,69354,NA,NA,1.7633333333333332
San Francisco,2012,1.45,0,72093,NA,NA,2.5725
San Francisco,2013,-3.53,0,76933,NA,NA,0.5175
San Francisco,2014,-3.04,0,83788,NA,NA,2.395
San Francisco,2015,-3.94,0,90527,0,0,0.9291666666666667
San Francisco,2016,1.24,0,101873,NA,NA,2.404166666666667
San Joaquin,2008,-4.46,1,54350,NA,NA,0.8375
San Joaquin,2009,-3.23,1,52201,NA,NA,0.975
San Joaquin,2010,1.32,1,49742,351.71,738.76,1.58
San Joaquin,2011,2.62,1,50376,NA,NA,0.9675
San Joaquin,2012,-3.09,1,50431,NA,NA,1.3066666666666666
San Joaquin,2013,-3.49,1,51219,NA,NA,0.4216666666666667
San Joaquin,2014,-5.34,1,51527,NA,NA,1.2
San Joaquin,2015,-3.83,1,53341,223.17,551.73,0.6408333333333334
San Joaquin,2016,2.23,1,59038,NA,NA,1.5275
San Luis Obispo,2008,-3.04,1,60088,NA,NA,1.1925000000000001
San Luis Obispo,2009,-1.11,1,55638,NA,NA,1.1258333333333332
San Luis Obispo,2010,2.41,1,53620,23.77,114.3,2.2875
San Luis Obispo,2011,4.08,1,53877,NA,NA,1.29
San Luis Obispo,2012,-2.59,1,58427,NA,NA,1.1583333333333334
San Luis Obispo,2013,-4.97,1,57743,NA,NA,0.26
San Luis Obispo,2014,-6.14,1,61775,NA,NA,1.015
San Luis Obispo,2015,-4.09,1,61761,1.78,102.26,0.5541666666666667
San Luis Obispo,2016,-1.86,1,69517,NA,NA,1.3383333333333334
San Mateo,2008,-3.8,1,84879,NA,NA,1.8666666666666667
San Mateo,2009,0.08,1,84678,NA,NA,2.035
San Mateo,2010,1.58,1,82413,0,4.68,2.955
San Mateo,2011,3.05,1,81378,NA,NA,1.9116666666666666
San Mateo,2012,0.25,1,81568,NA,NA,2.7641666666666667
San Mateo,2013,-3.74,1,91061,NA,NA,0.5158333333333334
San Mateo,2014,-4.16,1,100806,NA,NA,2.379166666666667
San Mateo,2015,-3.84,1,101133,0,4.78,1.1725
San Mateo,2016,0.94,1,107075,NA,NA,2.756666666666667
Santa Barbara,2008,-2.44,1,60645,NA,NA,1.7016666666666667
Santa Barbara,2009,-1.62,1,58555,NA,NA,1.095
Santa Barbara,2010,1.98,1,56243,1.42,128.57,2.5208333333333335
Santa Barbara,2011,3.3,1,59494,NA,NA,1.3633333333333333
Santa Barbara,2012,-2.06,1,60683,NA,NA,1.0425
Santa Barbara,2013,-4.17,1,60803,NA,NA,0.32833333333333337
Santa Barbara,2014,-5.32,1,62116,NA,NA,1.1008333333333333
Santa Barbara,2015,-4.32,1,63049,7.68,113.39,0.42083333333333334
Santa Barbara,2016,-2.52,1,66360,NA,NA,1.3325
Shasta,2008,-4.37,1,42362,NA,NA,2.430833333333333
Shasta,2009,-0.4,1,42552,NA,NA,2.9591666666666665
Shasta,2010,2.43,1,41058,49.92,66.81,4.569166666666667
Shasta,2011,2.61,1,41796,NA,NA,2.964166666666667
Shasta,2012,-1.33,1,44477,NA,NA,4.23
Shasta,2013,-2.66,1,41236,NA,NA,1.2308333333333332
Shasta,2014,-3.3,1,43661,NA,NA,3.71
Shasta,2015,-4.58,1,45943,34.11,60.5,2.3041666666666667
Shasta,2016,2.97,1,46663,NA,NA,4.7675
Sierra,2008,-4.72,0,44282,NA,NA,2.7325
Sierra,2009,-1.83,0,41788,NA,NA,3.1966666666666668
Sierra,2010,2.51,0,42800,0,15.16,5.060833333333333
Sierra,2011,2.84,0,45060,NA,NA,3.339166666666667
Sierra,2012,-1.66,0,45157,NA,NA,4.5808333333333335
Sierra,2013,-2.68,0,46449,NA,NA,1.1308333333333334
Sierra,2014,-3.26,0,47293,NA,NA,3.4899999999999998
Sierra,2015,-3.18,0,47535,8.78,19.25,2.5908333333333333
Sierra,2016,3.03,0,48099,NA,NA,5.0475
Siskiyou,2008,-3.15,0,36823,NA,NA,2.3808333333333334
Siskiyou,2009,-1.81,0,39218,NA,NA,2.2483333333333335
Siskiyou,2010,2.03,0,36001,50.56,189.15,3.8941666666666666
Siskiyou,2011,1.11,0,35175,NA,NA,2.586666666666667
Siskiyou,2012,-1,0,36597,NA,NA,3.763333333333333
Siskiyou,2013,-1.99,0,37108,NA,NA,1.3433333333333333
Siskiyou,2014,-2.17,0,38641,NA,NA,3.0516666666666667
Siskiyou,2015,-3.74,0,37447,36.12,177.86,2.695
Siskiyou,2016,3.05,0,40875,NA,NA,4.0775
Solano,2008,-3.84,1,70173,NA,NA,1.3441666666666667
Solano,2009,-0.32,1,65079,NA,NA,1.5133333333333334
Solano,2010,1.65,1,62948,99.01,184.23,2.220833333333333
Solano,2011,2.89,1,63090,NA,NA,1.43
Solano,2012,-0.66,1,61976,NA,NA,2.0733333333333333
Solano,2013,-2.87,1,63398,NA,NA,0.425
Solano,2014,-4.16,1,67106,NA,NA,1.8366666666666667
Solano,2015,-3.83,1,67202,161.91,172.13,0.7283333333333334
Solano,2016,0.01,1,73200,NA,NA,1.905
Sonoma,2008,-4.61,1,62314,NA,NA,2.5733333333333333
Sonoma,2009,-0.53,1,61985,NA,NA,2.4608333333333334
Sonoma,2010,3.34,1,58703,9.28,90.99,4.744166666666667
Sonoma,2011,3.66,1,60792,NA,NA,2.7375
Sonoma,2012,0.08,1,59855,NA,NA,4.2525
Sonoma,2013,-3.05,1,61020,NA,NA,0.8433333333333334
Sonoma,2014,-3.33,1,66949,NA,NA,3.6825
Sonoma,2015,-4.46,1,66463,1.94,92.02,1.7858333333333332
Sonoma,2016,2.5,1,73496,NA,NA,4.13
Stanislaus,2008,-4.37,1,50094,NA,NA,0.8866666666666667
Stanislaus,2009,-2.72,1,48550,NA,NA,0.9666666666666667
Stanislaus,2010,2.37,1,47442,476.14,658.38,1.6191666666666666
Stanislaus,2011,2.88,1,44287,NA,NA,0.9908333333333333
Stanislaus,2012,-3.24,1,46324,NA,NA,1.1833333333333333
Stanislaus,2013,-3.88,1,47808,NA,NA,0.3641666666666667
Stanislaus,2014,-5.53,1,50917,NA,NA,1.2016666666666667
Stanislaus,2015,-3.25,1,51949,175.01,391.82,0.7191666666666666
Stanislaus,2016,2.35,1,54060,NA,NA,1.5033333333333334
Sutter,2008,-3.63,1,49146,NA,NA,1.2675
Sutter,2009,-2.33,1,48073,NA,NA,1.2416666666666667
Sutter,2010,1.95,1,46188,174.48,247.81,2.035833333333333
Sutter,2011,2.78,1,48749,NA,NA,1.5141666666666667
Sutter,2012,0.07,1,46524,NA,NA,1.8983333333333332
Sutter,2013,-2.32,1,47903,NA,NA,0.5475
Sutter,2014,-4.88,1,51827,NA,NA,1.6691666666666667
Sutter,2015,-3.52,1,50810,169.02,267.1,0.7391666666666666
Sutter,2016,-0.82,1,51283,NA,NA,1.7825
Tehama,2008,-4.2,1,38160,NA,NA,2.1374999999999997
Tehama,2009,-2.32,1,38179,NA,NA,2.51
Tehama,2010,1.56,1,38188,25.14,86.45,3.875
Tehama,2011,2.37,1,37297,NA,NA,2.465
Tehama,2012,-1.18,1,38577,NA,NA,3.5908333333333333
Tehama,2013,-3.31,1,43459,NA,NA,0.9516666666666667
Tehama,2014,-2.77,1,40782,NA,NA,3.5283333333333333
Tehama,2015,-4.11,1,40292,27.18,95.58,1.6300000000000001
Tehama,2016,2.4,1,40585,NA,NA,3.9991666666666665
Trinity,2008,-3.62,1,34726,NA,NA,3.5475000000000003
Trinity,2009,-0.66,1,33546,NA,NA,3.5066666666666664
Trinity,2010,3.43,1,35207,2.23,2.39,6.243333333333333
Trinity,2011,3.32,1,33163,NA,NA,3.8975
Trinity,2012,-1.3,1,35162,NA,NA,5.75
Trinity,2013,-2.2,1,35708,NA,NA,1.5925
Trinity,2014,-2.08,1,34961,NA,NA,4.608333333333333
Trinity,2015,-4.4,1,37669,0,2.94,3.6008333333333336
Trinity,2016,3.05,1,38727,NA,NA,6.243333333333333
Tulare,2008,-3.15,1,44383,NA,NA,1.4841666666666666
Tulare,2009,-1.84,1,39876,NA,NA,1.4583333333333333
Tulare,2010,1.24,1,42377,538.52,973.81,2.9225
Tulare,2011,3.1,1,40599,NA,NA,1.4949999999999999
Tulare,2012,-3.06,1,40197,NA,NA,1.5241666666666667
Tulare,2013,-4.67,1,39657,NA,NA,0.5725
Tulare,2014,-5.68,1,42360,NA,NA,1.2058333333333333
Tulare,2015,-3.31,1,42637,336.12,684.3,1.2725
Tulare,2016,-2.5,1,45768,NA,NA,1.6441666666666668
Tuolumne,2008,-4.07,1,49151,NA,NA,2.89
Tuolumne,2009,-0.79,1,48027,NA,NA,3.1783333333333332
Tuolumne,2010,3.05,1,44751,0,2,4.940833333333333
Tuolumne,2011,3.31,1,43530,NA,NA,3.243333333333333
Tuolumne,2012,-2.5,1,46624,NA,NA,3.5091666666666668
Tuolumne,2013,-3.62,1,50774,NA,NA,1.0533333333333332
Tuolumne,2014,-4.1,1,49476,NA,NA,2.535
Tuolumne,2015,-2.89,1,53136,1.38,1.42,2.5008333333333335
Tuolumne,2016,1.24,1,50431,NA,NA,3.7616666666666667
Ventura,2008,-2.68,1,76190,NA,NA,1.4958333333333333
Ventura,2009,-1.21,1,71246,NA,NA,1.1083333333333334
Ventura,2010,1.41,1,71418,13.22,107.44,2.4683333333333333
Ventura,2011,2.27,1,74019,NA,NA,1.3766666666666667
Ventura,2012,-2.21,1,71043,NA,NA,1.0283333333333333
Ventura,2013,-4.41,1,76513,NA,NA,0.41083333333333333
Ventura,2014,-5.4,1,74967,NA,NA,1.2383333333333333
Ventura,2015,-3.5,1,79285,5.61,108.36,0.5683333333333334
Ventura,2016,-3.95,1,79470,NA,NA,1.345
Yuba,2008,-4.2,1,46715,NA,NA,2.1774999999999998
Yuba,2009,-1.71,1,40947,NA,NA,2.5541666666666667
Yuba,2010,2.62,1,41045,36.76,76.14,4.145
Yuba,2011,2.98,1,43299,NA,NA,2.8016666666666667
Yuba,2012,0.19,1,41599,NA,NA,4.059166666666667
Yuba,2013,-2.52,1,41824,NA,NA,0.9291666666666667
Yuba,2014,-3.53,1,41403,NA,NA,3.2175
Yuba,2015,-4.41,1,46500,51.08,87.39,1.6266666666666667
Yuba,2016,0.82,1,46054,NA,NA,3.8941666666666666
